{"cameraMode":{"drawMode":0,"name":"Shaded","section":"Shading Mode"},"sceneLighting":true,"audioPlay":false,"sceneViewState":{"showFog":true,"showMaterialUpdate":false,"showSkybox":true,"showFlares":true,"showImageEffects":true,"showParticleSystems":true},"in2DMode":false,"pivot":{"x":670.4091796875,"y":340.51953125,"z":427.3125},"rotation":{"x":0.02699618972837925,"y":0.006294132675975561,"z":-0.00016991543816402555,"w":0.9996162056922913},"size":408.4883117675781,"orthographic":true}